codes,https://huggingface.co/datasets/cis-lmu/GlotCC-V1,comment (https://iso639-3.sil.org/code/prs)
aau-Latn,20/20,
aaz-Latn,15/15,non-bible and bible
abi-Latn,0/1,out of model cousin -- kpo
abk-Cyrl,20/20,
abq-Cyrl,15/15,moslty https://abaza.org/abq
abs-Latn,?,out of model cousin -- mkn  | the rest is lyrics
abt-Latn,6/6,
abx-Latn,3/3,
aby-Latn,1/1,
ace-Arab,1/1,
ace-Latn,0/1,malay in arabic script
acf-Latn,5/6,"list of words end with ""ppy"" from https://anagrams.app/"
ach-Latn,10/10,
acm-Arab,0/1,"misclassification, true label: msa_Arab or zsm_Arab"
acn-Latn,1/1,
acr-Latn,3/3,
acu-Latn,20/20,
ada-Latn,3/3,
adi-Latn,12/12,
adj-Latn,5/5,
ady-Cyrl,20/20,mostly http://www.adyglife.com & https://www.circassianpress.com & https://dunai.adigeatoday.ru/ 
adz-Latn,6/6,
aeb-Arab,?,"It's moslty pages with the word ""Tunis"". But many of them comes also from pages with "".tn"" as domain"
aer-Latn,1/1,
aey-Latn,2/2,
afr-Latn,20/20,
agd-Latn,20/20,
agm-Latn,11/11,
agn-Latn,2/2,bible-related
agr-Latn,17/17,udhr & bible
agt-Latn,2/2,
agu-Latn,1/1,
agw-Latn,1/1,
aii-Syrc,20/20,https://reimagine.today
aim-Latn,2/2,
ain-Latn,2/2,
ajg-Latn,0/5,out-of-model-cousin; change the name to sxw: https://saxwe.net/
ajp-Arab,?,ajp code is deprecated. join to apc.
ajz-Latn,2/2,
akb-Latn,17/20,out of model cousin from btm 
akh-Latn,2/2,
aln-Latn,,
alp-Latn,4/4,
alq-Latn,1/1,
als-Latn,,
alt-Cyrl,,
aly-Latn,,
ame-Latn,0/1,list case 4epoch 
amf-Latn,15/15,
amh-Ethi,,
ami-Latn,,
amm-Latn,1/1,
amp-Latn,0/2,list noise starts with yikv and yifoa
amu-Latn,8/8,
ang-Latn,,
ann-Latn,,
anp-Deva,,
any-Latn,1/1,
aoi-Latn,,
aoj-Latn,,
aom-Latn,7/7,
aoz-Latn,2/4,out-of-model cousin bkx; https://www.globalrecordings.net/es/script/bkx/395
apb-Latn,,
apc-Arab,,
ape-Latn,7/8,incorrect from aon -- out of model cousin -- but we know aon was too much close to ape
apr-Latn,4/4,
apt-Latn,,
apw-Latn,0/1,repeated ngram of  ííííííjjjjjj
apz-Latn,,
arb-Arab,,
arb-Latn,,
arg-Latn,,
arl-Latn,,
arn-Latn,,
arq-Arab,2/3,
ars-Arab,,
ary-Arab,,
arz-Arab,,
asm-Beng,,
asm-Latn,,
aso-Latn,4/4,
ast-Latn,,
ata-Latn,,
atb-Latn,9/9,
atd-Latn,1/1,
atj-Latn,,
atq-Latn,1/1,
att-Latn,23/23,
aui-Latn,4/4,
auy-Latn,1/1,
ava-Cyrl,,
avk-Latn,,
avt-Latn,34/34,
avu-Latn,7/7,
awa-Deva,,
awx-Latn,,
ayr-Latn,,
azb-Arab,,
azg-Latn,12/12,
azj-Cyrl,,
azj-Latn,20/20,
azz-Latn,0/2,list case noise tat...
bak-Cyrl,20/20,
bam-Latn,,
ban-Latn,,
bar-Latn,,
bas-Latn,2/2,
bba-Latn,,
bbb-Latn,8/8,
bbc-Latn,,
bbr-Latn,13/13,
bcc-Arab,20/20,change the name to bal-Arab; it has other cousins. This is also a great resource for bgp: https://incubator.m.wikimedia.org/wiki/Special:PrefixIndex/Wp/bgp/
bch-Latn,,
bci-Latn,18/18,
bcl-Latn,,
bdd-Latn,8/8,
bdh-Latn,2/2,
bdq-Latn,,
bef-Latn,1/1,
bel-Cyrl,,
bem-Latn,,
ben-Beng,,
ben-Latn,,
bew-Latn,,
bgr-Latn,6/6,
bgs-Latn,6/6,
bgz-Latn,1/1,
bhg-Latn,12/14,repeated ngrams: remove https://tenymalagasy.org/ and https://malagasyword.org
bhl-Latn,4/4,
bho-Deva,,
bhw-Latn,2/2,
big-Latn,4/4,
bim-Latn,,
bin-Latn,,
bis-Latn,,
biu-Latn,1/1,
bjn-Arab,,
bjn-Latn,,
bjp-Latn,,
bjr-Latn,5/5,
bjv-Latn,0/3,out of model cousin for: mge
bkd-Latn,18/18,
bkl-Latn,1/1,
blk-Mymr,20/20,
blw-Latn,4/4,
blz-Latn,3/3,
bmh-Latn,11/11,
bmu-Latn,20/20,
bno-Latn,2/2,
bnp-Latn,13/13,
boa-Latn,20/20,
bod-Tibt,,
boj-Latn,2/2,
bom-Latn,1/1,
bon-Latn,,
bos-Latn,,
bpr-Latn,1/1,
bps-Latn,,
bpy-Beng,,
bqc-Latn,2/2,
bqj-Latn,1/1,
bre-Latn,,
brh-Arab,20/20,
bru-Latn,,
brx-Deva,,
brx-Latn,0/1,phba repated word
bsp-Latn,,
btd-Latn,3/3,
bts-Latn,,
btx-Latn,,
bug-Latn,,
buk-Latn,13/13,
bul-Cyrl,,
bum-Latn,,
bus-Latn,,
bvr-Latn,9/9,
bwd-Latn,1/1,
bxh-Latn,,
bxr-Cyrl,,
byr-Latn,20/20,
bzd-Latn,2/2,
bzi-Thai,2/2,
bzj-Latn,3/3,
caa-Latn,7/7,
cab-Latn,,
cac-Latn,10/11,start with tzyu
cag-Latn,1/1,
cak-Latn,,
cao-Latn,15/15,
car-Latn,13/13,
cat-Latn,,
cax-Latn,3/3,
cbi-Latn,1/1,
cbk-Latn,,
cbr-Latn,,
cbs-Latn,1/1,
cbt-Latn,,
cbu-Latn,,
ccp-Latn,,
ceb-Latn,,
ces-Latn,,
cfm-Latn,,
cgc-Latn,10/12,noise from month names
cha-Latn,3/3,
chd-Latn,19/19,
che-Cyrl,,
chk-Latn,,
cho-Latn,4/4,
chu-Cyrl,,
chv-Cyrl,,
chw-Latn,2/3,reoeated ddddddddddddddddddddddddddddddddddddd
cjk-Latn,,
cjv-Latn,20/20,
ckb-Arab,,
ckm-Latn,,
ckt-Cyrl,,
clu-Latn,8/8,
cmn-Hani,20/20,
cmo-Latn,,
cmr-Latn,,
cnh-Latn,,
cni-Latn,20/20,
cnk-Latn,,
cnr-Latn,,
cnw-Latn,1/1,
con-Latn,1/1,
cop-Copt,,
cor-Latn,,
cos-Latn,,
cot-Latn,11/11,
cpb-Latn,1/1,
cpc-Latn,20/20,
cpy-Latn,14/14,
crh-Cyrl,,
crh-Latn,,
cri-Latn,0/3,noise
crk-Cans,2/2,
crk-Latn,,
crl-Cans,2/2,
crn-Latn,13/13,
crs-Latn,,
crx-Latn,4/4,
csb-Latn,,
csw-Latn,6/6,
csy-Latn,,
cta-Latn,3/3,
ctd-Latn,,
ctu-Latn,2/2,
cub-Latn,5/5,
cuk-Latn,,
cut-Latn,18/18,
cwe-Latn,1/1,
cwt-Latn,2/2,
cya-Latn,4/4,
cym-Latn,,
czt-Latn,4/4,
dad-Latn,20/20,
dag-Latn,0/20,only keep wikipedia --the training data of dag is not very clean
dah-Latn,7/7,
dak-Latn,16/16,
dan-Latn,,
dar-Cyrl,,
ddg-Latn,1/1,
ded-Latn,4/4,
deu-Latn,20/20,
dga-Latn,20/20,
dgc-Latn,10/10,
dgz-Latn,13/13,
dhg-Latn,1/1,
dhm-Latn,1/1,
dhv-Latn,3/3,
did-Latn,1/1,
dik-Latn,20/20,
diq-Latn,,
dis-Latn,1/1,
div-Thaa,,
dje-Latn,5/5,
djk-Latn,7/7,
djr-Latn,1/1,
dng-Cyrl,,
dob-Latn,,
doi-Deva,,
dop-Latn,,
dru-Latn,4/4,
dsb-Latn,,
dtp-Latn,,
dts-Latn,2/2,
dua-Latn,,
dwr-Latn,0/17,noise: tags #
dww-Latn,1/1,
dyi-Latn,2/2,
dyo-Latn,1/1,
dyu-Latn,,
dzo-Tibt,,
efi-Latn,,
ekk-Latn,,
eko-Latn,4/4,
ell-Grek,,
emi-Latn,20/20,
eml-Latn,,
emp-Latn,4/4,
eng-Latn,20/20,
enl-Latn,2/2,
enm-Latn,?,remove those that every words start with #
enq-Latn,20/20,
epo-Latn,,
eri-Latn,3/3,
esk-Latn,,
esu-Latn,,
etr-Latn,,
eus-Latn,,
eve-Cyrl,,
ewe-Latn,,
ewo-Latn,4/4,
ext-Latn,,
eza-Latn,1/1,
faa-Latn,6/6,
fai-Latn,5/5,
fao-Latn,,
fas-Arab,20/20,
fat-Latn,2/2,
ffm-Latn,20/20,content in fuc: https://contafrica.org/fr/index.php?/contes/conte-nat/sambayel-gujjo-tanum-pennowo
fij-Latn,,
fil-Latn,,
fin-Latn,20/20,
fit-Latn,,
fkv-Latn,,
fon-Latn,20/20,
for-Latn,,
fra-Latn,,
fro-Latn,,
frp-Latn,,
frr-Latn,,
fry-Latn,,
fub-Latn,,
fud-Latn,3/3,
fue-Latn,,
fuf-Latn,,
fuh-Latn,20/20,
fuq-Latn,0/1,noise
fur-Latn,,
fuv-Latn,,
gaa-Latn,,
gag-Latn,,
gah-Latn,,
gai-Latn,1/1,
gam-Latn,16/16,
gaw-Latn,20/20,
gaz-Latn,,
gbi-Latn,2/2,
gcf-Latn,,
gcr-Latn,,
gdg-Latn,13/13,
gdn-Latn,19/19,
geb-Latn,18/18,
gfk-Latn,,
ghs-Latn,20/20,
gil-Latn,,
gjn-Latn,2/2,
gla-Latn,,
gle-Latn,,
glg-Latn,,
glk-Arab,5/20,"remove ""قالب بلاگ "" The classifer obsess with locations // keep the glk.wikipedia.org  https://v6rg.com https://gilakmedia.com https://www.fekrazad.com/hachin/ -- also later move the fas contents to the training of glotlid -- so it becomes robust towards glk"
glv-Latn,,
gmh-Latn,,
gmv-Ethi,2/2,
gnb-Latn,4/4,
gnd-Latn,0/3,complete noise
gng-Latn,3/3,
gnn-Latn,20/20,
gnw-Latn,1/1,
gof-Ethi,0/4,dwr: https://ebible.org/dwrENT/MRK01.htm
goh-Latn,,
gom-Deva,,
gom-Latn,20/20,
gor-Latn,20/20,
gos-Latn,,
got-Goth,2/2,
got-Latn,15/15,
grc-Grek,,
gsw-Latn,,
gub-Latn,1/1,
guc-Latn,6/6,
gug-Latn,,
gui-Latn,0/3,noise
guj-Gujr,,
guj-Latn,,
gul-Latn,,
gum-Latn,,
gur-Latn,1/1,
guw-Latn,20/20,
gux-Latn,2/2,
guz-Latn,,
gvn-Latn,1/5,change 4 of the records to gup -- out of model cousin
gwi-Latn,12/12,
gwr-Latn,1/1,
gym-Latn,1/1,
gyr-Latn,9/9,
hac-Arab,,
hag-Latn,1/1,
hak-Hani,0/2,
hak-Latn,20/20,
hat-Latn,,
hau-Latn,,
hav-Latn,0/1,noise
haw-Latn,20/20,
hbo-Hebr,,
hch-Latn,7/7,
heb-Hebr,,
heg-Latn,7/7,
her-Latn,20/20,
hif-Latn,,
hil-Latn,,
hin-Deva,20/20,
hin-Latn,,
hla-Latn,2/2,
hlt-Latn,0/5,noise
hmo-Latn,20/20,
hmr-Latn,,
hne-Deva,,
hnj-Latn,,
hns-Latn,20/20,
hot-Latn,20/20,
hra-Latn,1/1,
hrv-Latn,,
hsb-Latn,,
hto-Latn,2/2,
hub-Latn,,
hui-Latn,,
hun-Latn,,
hus-Latn,6/6,
huu-Latn,,
hvn-Latn,,
hwc-Latn,,
hye-Armn,,
hyw-Armn,,
ian-Latn,18/18,
iba-Latn,,
ibg-Latn,,
ibo-Latn,,
icr-Latn,2/3,one jam.wikipedia should be changed
ido-Latn,,
idu-Latn,1/1,
ifu-Latn,0/1,noise
ify-Latn,20/20,
ike-Cans,20/20,
ikk-Latn,1/1,
ikt-Latn,,
ikw-Latn,2/2,
ile-Latn,,
ilo-Latn,20/20,
ina-Latn,,
inb-Latn,1/1,
ind-Latn,20/20,
inh-Cyrl,,
ino-Latn,5/5,
iou-Latn,19/20,out of model cousin from mcr
ipi-Latn,20/20,
iqw-Latn,1/1,
isd-Latn,3/3,
ish-Latn,1/1,nice web: https://www.esanland.org/2021/06/esan-adage-and-meaning.html
isl-Latn,20/20,
iso-Latn,20/20,jw
ita-Latn,20/20,
itv-Latn,1/1,
ium-Latn,20/20,"bible, add http://kinhthanh.httlvn.org to the list of religous sites"
ivb-Latn,2/2,
ivv-Latn,0/1,out of model cousin: tao language 
iws-Latn,20/20,
ixl-Latn,15/15,
jac-Latn,20/20,
jae-Latn,8/8,
jam-Latn,,
jav-Latn,,
jbo-Latn,,
jiv-Latn,,
jpn-Jpan,,
jra-Latn,,
jvn-Latn,6/7,
kaa-Cyrl,19/19,
kaa-Latn,,
kab-Latn,,
kac-Latn,,
kak-Latn,1/1,
kal-Latn,,
kam-Latn,4/4,
kan-Knda,,
kan-Latn,,
kaq-Latn,19/20,amc from UDHR is part of this corpra - the rest are bible
kas-Arab,,
kas-Deva,,
kas-Latn,,
kat-Geor,,
kaz-Cyrl,,
kbc-Latn,1/1,
kbd-Cyrl,,
kbh-Latn,20/20,
kbm-Latn,10/10,
kbo-Latn,7/7,
kbp-Latn,,
kbq-Latn,4/4,
kby-Latn,4/4,
kca-Cyrl,14/15,
kcg-Latn,2/2,
kck-Latn,3/3,
kdc-Latn,9/9,
kde-Latn,,
kdi-Latn,2/2,
kdl-Latn,20/20,
kea-Latn,,
kek-Latn,7/7,
kew-Latn,9/9,
kgk-Latn,,
kgr-Latn,2/2,
kha-Latn,,
khk-Cyrl,,
khm-Khmr,,
khz-Latn,8/8,
kij-Latn,,
kik-Latn,20/20,
kin-Latn,,
kir-Cyrl,,
kiu-Latn,,
kix-Latn,,
kjb-Latn,,
kjh-Cyrl,,
kjs-Latn,,
kkc-Latn,,
kkl-Latn,,
klt-Latn,,
klv-Latn,,
kmb-Latn,,
kmd-Latn,,
kmg-Latn,,
kmh-Latn,,
kmk-Latn,,
kmm-Latn,,
kmr-Cyrl,,
kmr-Latn,,
kms-Latn,,
kmu-Latn,,
kmy-Latn,,
knc-Arab,,
knc-Latn,,
kne-Latn,,
kng-Latn,,
knv-Latn,,
kog-Latn,,
koi-Cyrl,,
kor-Hang,20/20,
kos-Latn,,
kpe-Latn,,
kpf-Latn,,
kpg-Latn,,
kpj-Latn,,
kpr-Latn,,
kpv-Cyrl,20/20,
kpw-Latn,,
kpx-Latn,,
kqc-Latn,,
kqf-Latn,,
kqn-Latn,,
kqw-Latn,,
krc-Cyrl,,
kri-Latn,,
krl-Latn,,
kru-Deva,,
ksd-Latn,,
ksh-Latn,,
ksr-Latn,,
ksw-Mymr,,
ktm-Latn,,
kto-Latn,,
ktu-Latn,,
ktz-Latn,,
kua-Latn,,
kum-Cyrl,,
kup-Latn,,
kvg-Latn,,
kwf-Latn,,
kwj-Latn,,
kwn-Latn,,
kwy-Latn,,
kyc-Latn,,
kyg-Latn,,
kyq-Latn,,
kyu-Kali,,
kyu-Latn,,
kyz-Latn,,
kze-Latn,,
kzf-Latn,,
kzj-Latn,,
lad-Latn,,
laj-Latn,,
lam-Latn,,
lao-Laoo,,
lat-Latn,,
lbb-Latn,,
lbe-Cyrl,,
lbj-Tibt,13/13,
lbk-Latn,,
lcm-Latn,,
leu-Latn,10/10,
lew-Latn,,
lex-Latn,6/6,
lez-Cyrl,20/20,
lfn-Cyrl,,
lfn-Latn,,
lgg-Latn,1/1,
lgl-Latn,9/9,
lhi-Latn,,
lhu-Latn,0/1,all is NOISE
lia-Latn,1/1,
lid-Latn,,
lif-Deva,20/20,
lif-Limb,,
lij-Latn,,
lim-Latn,,
lin-Latn,,
lis-Lisu,1/1,
lit-Latn,,
liv-Latn,20/20,
ljp-Latn,,
lki-Arab,,
lld-Latn,,
llg-Latn,,
lmk-Latn,1/1,
lmo-Latn,,
lnd-Latn,2/2,
loz-Latn,,
lrc-Arab,,
lsi-Latn,5/5,
ltg-Latn,,
ltz-Latn,,
lua-Latn,2/2,
lub-Latn,6/6,
lud-Latn,,
lue-Latn,13/13,
lug-Latn,,
lun-Latn,1/1,
luo-Latn,,
lus-Latn,,
lvs-Latn,,
lwg-Latn,1/1,
lww-Latn,20/20,
lzh-Hani,,
maa-Latn,,
mad-Latn,,
mag-Deva,,
mah-Latn,,
mai-Deva,,
mak-Latn,,
mal-Latn,,
mal-Mlym,,
mam-Latn,10/10,
mar-Deva,,
mar-Latn,,
mas-Latn,15/15,
mau-Latn,,
maw-Latn,,
maz-Latn,5/5,
mbb-Latn,,
mbf-Latn,,
mbh-Latn,5/5,
mbs-Latn,,
mbt-Latn,3/3,
mcd-Latn,2/2,
mck-Latn,1/1,
mcq-Latn,,
mdf-Cyrl,,
mdy-Ethi,,
med-Latn,,
mej-Latn,2/2,
mek-Latn,5/5,
men-Latn,,
met-Latn,,
meu-Latn,,
mfe-Latn,,
mfi-Latn,,
mfq-Latn,10/10,
mfy-Latn,,
mgh-Latn,,
mhi-Latn,,
mhr-Cyrl,,
mhw-Latn,9/9,
mhx-Latn,4/4,
mic-Latn,,
mie-Latn,,
mif-Latn,2/2,
min-Latn,,
mip-Latn,7/7,
miq-Latn,1/1,
mjc-Latn,4/4,
mjw-Latn,,
mkd-Cyrl,,
mkn-Latn,15/15,
mlh-Latn,0/7,"wrong label: mhl, but there are also sources mentione mhl for the same verses"
mlt-Latn,,
mmo-Latn,10/10,
mmx-Latn,20/20,
mna-Latn,20/20,
mnb-Latn,1/2,List case 
mni-Beng,,
mni-Latn,,
mni-Mtei,19/19,
mnk-Latn,9/9,
mns-Cyrl,20/20,
mnw-Mymr,20/20,
moa-Latn,0/10,out of model cousin: mxx
moc-Latn,2/2,interesting website: https://cartografiachaco.wikimedia.org.ar/
mog-Latn,,
moh-Latn,,
mos-Latn,20/20,
mph-Latn,3/3,
mpm-Latn,2/2,
mpp-Latn,,
mps-Latn,20/20,
mpx-Latn,10/10,
mqj-Latn,1/1,
mqy-Latn,2/2,
mri-Latn,,
mrj-Cyrl,,
mrw-Latn,,
msb-Latn,7/7,
msc-Latn,4/4,
msk-Latn,4/4,
msm-Latn,0/4,All Noise
msy-Latn,20/20,
mtg-Latn,2/2,
mti-Latn,,
muh-Latn,1/1,
mui-Latn,,
mup-Deva,0/6,"out of model cusin dhd,mtr"
mur-Latn,20/20,
mux-Latn,17/17,
mva-Latn,3/3,
mvn-Latn,9/9,
mvp-Latn,13/13,
mwc-Latn,2/2,
mwf-Latn,1/1,
mwl-Latn,,
mwm-Latn,1/1,
mwn-Latn,1/1,
mwp-Latn,2/2,
mwq-Latn,0/35,out of model cusin dao
mwv-Latn,7/7,
mww-Latn,,
mxb-Latn,1/1,
mxt-Latn,3/3,
mxv-Latn,6/6,
mya-Mymr,,
myb-Latn,2/2,
myk-Latn,20/20,
myu-Latn,1/1,
myv-Cyrl,,
myw-Latn,3/3,
myx-Latn,0/4,"List case, repeated words"
myy-Latn,15/15,
mza-Latn,5/5,
mzh-Latn,1/1,
mzn-Arab,,
naf-Latn,3/3,
nah-Latn,,
nak-Latn,6/6,
nan-Hani,0/15,"noise, the training data for nan_Hani is not very strong."
nan-Latn,12/20,nan_Latn + cdo_Latn (out of model cousin)
nap-Latn,,
naq-Latn,16/16,
nas-Latn,18/18,
nav-Latn,,
nbc-Latn,3/3,
nbe-Latn,2/2,
nbl-Latn,,
nbu-Latn,,
nca-Latn,6/6,
nch-Latn,,
ncj-Latn,,
ncl-Latn,0/1,
ncx-Latn,1/1,
ndc-Latn,7/7,
nde-Latn,,
ndh-Latn,0/1,misclassification : SUK
ndo-Latn,,
nds-Latn,,
new-Deva,,
nfa-Latn,2/2,
ngl-Latn,12/12,
ngu-Latn,5/5,
nhe-Latn,,
nhg-Latn,,
nhi-Latn,16/16,
nho-Latn,,
nhr-Latn,3/3,
nhw-Latn,,
nhx-Latn,2/2,
nia-Latn,,
nif-Latn,3/3,
nii-Latn,3/3,
nij-Latn,1/1,
nin-Latn,16/17,https://www.tokei.cn/zx/xzdj/7291.html. it seems Noise
niu-Latn,20/20,
njm-Latn,2/2,
njn-Latn,,
njz-Latn,2/2,
nld-Latn,,
nlg-Latn,,
nmf-Latn,,
nmz-Latn,4/4,
nnb-Latn,,
nnh-Latn,1/1,
nno-Latn,,
nnp-Latn,1/1,
nnw-Latn,2/2,
nob-Latn,,
nog-Cyrl,,
non-Latn,26/68,Remove https://edl.ecml.at
nop-Latn,20/20,
not-Latn,1/1,
nov-Latn,11/20,keep http://interlanguages.net wikipedia and https://ia801707.us.archive.org http://novial.nyelv.info
nph-Latn,1/1,
npi-Deva,,
npi-Latn,,
npy-Latn,7/7,
nqo-Nkoo,,
nrm-Latn,,
nsa-Latn,1/1,
nsn-Latn,,
nso-Latn,,
nss-Latn,11/11,
nst-Latn,1/1,
nsu-Latn,4/4,
ntp-Latn,,
ntu-Latn,1/2,remove https://loderi.com/kci
nuj-Latn,8/8,
nus-Latn,5/5,
nuy-Latn,1/1,
nvm-Latn,20/20,
nwi-Latn,,
nya-Latn,,
nyk-Latn,,
nyn-Latn,,
nyu-Latn,,
nyy-Latn,15/15,
nzi-Latn,2/2,
nzm-Latn,3/3,
obo-Latn,3/3,
oci-Latn,,
ojb-Cans,1/1,
ojb-Latn,,
okv-Latn,17/17,
olo-Latn,,
omb-Latn,,
omw-Latn,7/7,
ong-Latn,,
opm-Latn,,
orv-Cyrl,,
ory-Latn,,
ory-Orya,,
oss-Cyrl,,
ota-Arab,,
otd-Latn,1/1,
ote-Latn,6/6,
ots-Latn,4/4,
otw-Latn,,
pad-Latn,5/5,
pag-Latn,11/14,out-of model cousin: ibl from bible
pam-Latn,,
pan-Guru,,
pan-Latn,,
pao-Latn,20/20,
pap-Latn,,
pau-Latn,,
pbb-Latn,1/1,
pbt-Arab,,
pcd-Latn,,
pck-Latn,,
pcm-Latn,,
pdc-Latn,,
pdt-Latn,,
pfl-Latn,,
pib-Latn,6/6,
pis-Latn,,
pjt-Latn,,
plg-Latn,1/1,
pls-Latn,1/1,
plt-Latn,,
plu-Latn,1/1,
plw-Latn,,
pma-Latn,,
pmf-Latn,,
pms-Latn,,
pmx-Latn,5/5,
pnb-Arab,,
pnt-Grek,,
poe-Latn,1/1,
poh-Latn,2/2,
poi-Latn,20/20,
pol-Latn,,
pon-Latn,,
por-Latn,,
pot-Latn,1/1,
ppk-Latn,17/17,
ppo-Latn,7/7,
pps-Latn,1/1,
prg-Latn,,
ptp-Latn,1/1,
ptu-Latn,3/3,
pui-Latn,,
pwg-Latn,5/5,
pwn-Latn,,
qub-Latn,,
quc-Latn,,
quf-Latn,1/1,
qug-Latn,,
quh-Latn,,
qul-Latn,3/3,
qup-Latn,,
quw-Latn,,
quy-Latn,,
quz-Latn,,
qvc-Latn,,
qvh-Latn,,
qvi-Latn,,
qvn-Latn,3/3,
qvs-Latn,1/1,
qvw-Latn,4/4,
qxl-Latn,18/18,
qxn-Latn,3/5,"Remove https://ja.wiktionary.org/wiki/proteger,  http://wordsendingin.com/ag.html"
qxo-Latn,,
qxr-Latn,0/1,All Noise 
rad-Latn,,
rap-Latn,,
rar-Latn,,
raw-Latn,,
rcf-Latn,,
rej-Latn,,
rgu-Latn,1/1,
rhg-Latn,,
ria-Latn,2/2,
rjs-Deva,,
rkb-Latn,,
rmc-Latn,,
rml-Latn,,
rmn-Cyrl,10/10,
rmn-Latn,,
rmo-Latn,1/1,
rmq-Latn,7/7,all rows have same value
rmy-Cyrl,,
rmy-Latn,,
rnl-Latn,1/1,
roh-Latn,,
ron-Cyrl,,
ron-Latn,,
roo-Latn,,
rop-Latn,,
row-Latn,,
rro-Latn,,
rtm-Latn,4/4,
rue-Cyrl,,
ruf-Latn,1/1,
rug-Latn,,
run-Latn,,
rup-Latn,,
rus-Cyrl,20/20,
rwo-Latn,20/20,
sab-Latn,3/3,
sag-Latn,20/20,
sah-Cyrl,,
san-Deva,,
san-Latn,,
sas-Latn,2/2,
sat-Latn,4/4,
sat-Olck,,
sbd-Latn,,
sbe-Latn,20/20,
scn-Latn,20/20,
sco-Latn,20/20,
sda-Latn,9/9,
sdc-Latn,4/4,nice website: http://sardegnachiamasardegna.eu
sdh-Arab,,
seh-Latn,25/25,
ses-Latn,1/1,
sgb-Latn,0/1,out of model cousin: abp
sgc-Latn,3/3,
sgh-Cyrl,3/3,
sgs-Latn,20/20,
sgw-Ethi,,
shi-Latn,,
shk-Latn,,
shn-Mymr,20/20,
shp-Latn,7/7,
shu-Arab,2/2,
sid-Latn,,
sil-Latn,10/10,
sim-Latn,2/2,
sin-Sinh,,
sju-Latn,0/1,noise yji...
skg-Latn,,
skr-Arab,16/16,
slk-Latn,,
sll-Latn,1/1,
slv-Latn,,
sma-Latn,,
sme-Latn,,
smj-Latn,20/20,
smk-Latn,19/19,
sml-Latn,11/11,
smn-Latn,,
smo-Latn,,
sms-Latn,,
sna-Latn,,
snc-Latn,17/17,
snd-Arab,,
snd-Deva,,
snd-Latn,,
snf-Latn,4/4,
snn-Latn,30/30,
snp-Latn,20/20,
snw-Latn,3/3,
sny-Latn,20/20,
som-Latn,,
sop-Latn,2/2,
soq-Latn,20/20,
sot-Latn,,
spa-Latn,,
spl-Latn,,
spm-Latn,12/12,
spp-Latn,4/4,
sps-Latn,2/2,
srd-Latn,,
srm-Latn,2/2,
srn-Latn,20/20,
srp-Cyrl,,
srp-Latn,,
srr-Latn,1/1,
ssd-Latn,20/20,
ssg-Latn,1/1,
ssw-Latn,,
ssx-Latn,2/2,
stq-Latn,20/20,
suc-Latn,10/10,
sue-Latn,18/18,
suk-Latn,20/20,
sun-Latn,20/20,
sus-Arab,,
sus-Latn,20/20,
suz-Deva,3/3,
swb-Latn,17/18,remove https://www.eol.org/search?q=Hallodapus
swc-Latn,3/3,
swe-Latn,20/20,
swg-Latn,,
swh-Latn,,
swp-Latn,3/3,
sxb-Latn,4/4,
sxn-Latn,4/4,
syb-Latn,13/13,
syc-Syrc,,
syl-Beng,6/6,
syl-Latn,1/5,just keep https://ebible.org/study/content/texts/syll/J31.html
szl-Latn,,
szy-Latn,,
tab-Cyrl,,
tah-Latn,,
taj-Deva,3/3,
tam-Latn,,
tam-Taml,,
tap-Latn,1/1,
taq-Latn,4/5,noise from programming langauge
taq-Tfng,,
tar-Latn,1/1,"a language in Parral, Mexico -- Tarahumara is a good fit."
tat-Cyrl,,
tat-Latn,,
tav-Latn,0/1,https://rhymebrain.com list case
taw-Latn,2/2,
tay-Latn,14/14,
tbg-Latn,9/9,
tbo-Latn,15/15,
tbw-Latn,1/1,
tby-Latn,3/3,
tbz-Latn,1/1,
tca-Latn,7/7,
tcs-Latn,2/2,
tcy-Knda,,
tcz-Latn,,
tdt-Latn,20/20,myabe the name should be tet? the difference between tdt and tet are close.
tdx-Latn,1/2,only keep the bible -- Ty ren repeated word
tel-Latn,,
tel-Telu,,
teo-Latn,,
tet-Latn,,
tfr-Latn,2/2,
tgk-Cyrl,20/20,
tgo-Latn,,
tgp-Latn,20/20,
tha-Thai,,
thl-Deva,,
tif-Latn,1/1,
tig-Ethi,,
tih-Latn,2/2,
tir-Ethi,,
tiv-Latn,2/4,just keep omniglot
tke-Latn,7/7,
tkl-Latn,,
tkr-Cyrl,,
tku-Latn,15/15,
tlb-Latn,2/2,
tlf-Latn,2/2,
tlh-Latn,,
tll-Latn,3/13,delete http://anagramy.net
tly-Latn,,
tmd-Latn,7/7,
tnc-Latn,1/1,
tnk-Latn,20/20,
tnn-Latn,,
tnp-Latn,26/26,
tnr-Latn,1/1,
tob-Latn,,
tod-Latn,,
tog-Latn,,
toi-Latn,,
toj-Latn,1/1,
tok-Latn,,
ton-Latn,,
too-Latn,2/2,
top-Latn,5/5,
tos-Latn,1/1,
tpi-Latn,20/20,
trc-Latn,1/1,
trn-Latn,1/1,
trp-Latn,,
trq-Latn,9/9,
trv-Latn,3/3,
tsg-Latn,2/2,
tsn-Latn,,
tso-Latn,,
tsz-Latn,,
ttc-Latn,6/6,
tte-Latn,6/6,
ttq-Latn,5/5,
tuc-Latn,20/20,
tuf-Latn,5/5,
tui-Latn,1/1,
tuk-Arab,1/1,
tuk-Cyrl,1/2,remove https://vsememy.ru
tuk-Latn,,
tum-Latn,20/20,
tur-Latn,20/20,
tvk-Latn,20/20,
tvl-Latn,13/13,
twb-Latn,0/10,tag word as noise
twi-Latn,,
twu-Latn,3/3,
txu-Latn,1/1,
tyv-Cyrl,,
tzh-Latn,2/2,
tzj-Latn,14/14,
tzm-Tfng,,
tzo-Latn,20/20,
ubr-Latn,20/20,
ubu-Latn,20/20,
udm-Cyrl,,
uig-Arab,,
uig-Cyrl,,
uig-Latn,,
ukr-Cyrl,20/20,
umb-Latn,15/15,
und-Dsrt,3/3,
und-Gran,3/3,
und-Hung,20/20,from mki.gov.hu -- change the name to hun-Hung
und-Mong,20/20,change to mvf-Mong
und-Newa,,
und-Shaw,,
und-Sylo,20/20,change name to syl-Sylo
upv-Latn,,
urd-Arab,20/20,
urd-Latn,16/20,
urh-Latn,,
usa-Latn,,
usp-Latn,1/1,
uvh-Latn,13/13,
uvl-Latn,5/5,
uzn-Cyrl,20/20,
uzn-Latn,20/20,
uzs-Arab,17/20,remove https://sudeasaran.ir https://turkmensnews.com/ https://elioshop.co https://bbrouzi.com https://irancooling.com
vap-Latn,1/1,
vec-Latn,,
ven-Latn,,
vep-Latn,,
vid-Latn,1/1,
vie-Latn,,
vls-Latn,,
vmw-Latn,,
vmy-Latn,,
vol-Latn,,
vro-Latn,,
vun-Latn,1/1,
waj-Latn,1/1,
wal-Latn,8/9,check https://www.suomisanakirja.fi/riimit/suututtaa
war-Latn,,
wat-Latn,2/2,
way-Latn,2/2,
wbm-Latn,2/2,
wbp-Latn,4/4,
wed-Latn,1/1,
wes-Latn,,
wln-Latn,,
wls-Latn,17/17,
wlv-Latn,2/2,
wlx-Latn,,
wmw-Latn,14/14,
wnc-Latn,2/2,
wnu-Latn,,
wol-Latn,,
wos-Latn,8/8,
wrs-Latn,20/20,
wsg-Telu,2/2,
wsk-Latn,20/20,
wuu-Hani,,
wuv-Latn,9/9,
xal-Cyrl,,
xbi-Latn,,
xho-Latn,,
xla-Latn,1/1,
xmf-Geor,20/20,
xmm-Latn,,
xmv-Latn,,
xog-Latn,,
xon-Latn,1/1,
xsm-Latn,,
xsr-Deva,1/1,
xtd-Latn,1/1,
xtm-Latn,2/2,
xtn-Latn,6/6,
yaa-Latn,1/1,
yal-Latn,,
yao-Latn,,
yap-Latn,,
yby-Latn,1/1,
ydd-Hebr,20/20,
yka-Latn,,
yle-Latn,,
yli-Latn,4/4,
yml-Latn,,
yom-Latn,,
yon-Latn,1/1,
yor-Latn,,
yrk-Cyrl,,
yrl-Latn,4/4,
yss-Latn,20/20,
yua-Latn,,
yue-Hani,,
yuj-Latn,,
yut-Latn,16/16,
yuw-Latn,2/2,
yva-Latn,3/3,
zac-Latn,18/18,
zai-Latn,6/6,
zam-Latn,,
zao-Latn,14/14,
zas-Latn,19/19,
zat-Latn,20/20,
zdj-Latn,,
zea-Latn,,
zgh-Tfng,,
zia-Latn,11/11,
zom-Latn,,
zos-Latn,1/1,
zpm-Latn,4/5,it seems noise: http://www.bangmywifeplease.com/zi_z/
zpo-Latn,8/8,
zpt-Latn,13/13,
zpu-Latn,3/3,
zsm-Latn,,
zul-Latn,,
zyb-Latn,20/20,
zyp-Latn,4/5,out of model cousin from mrh: https://newchristianbiblestudy.org/bible/mara/luke/15/
entries,657,